<package>
  <description brief="DelphinROSv2">

     DelphinROSv2

  </description>
  <author>Delphin2 AUV</author>
  <license>BSD</license>
  <review status="unreviewed" notes=""/>
  <url>http://ros.org/wiki/DelphinROSv2</url>
  <depend package="roscpp"/>
  <depend package="rospy"/>
  <depend package="std_msgs"/>
  <depend package="actionlib"/>
  <depend package="smach"/>
  <depend package="sensor_msgs"/>
  <depend package="smach_viewer"/>
  <depend package="smach_ros"/>
  <depend package="opencv2"/>
  <depend package="cv_bridge"/>
  <depend package="actionlib"/>
  <depend package="actionlib_msgs"/>


</package>


